{
  "label": "main",
  "log_file": "/Users/yongkang/Code/tempo/tempo/python_analysis/logs/debug_main_20251014_063322.log",
  "block_range": [
    22391,
    22402
  ],
  "metrics": {
    "Build Payload Time": {
      "count": 12,
      "mean": 333.5297014166667,
      "median": 345.2798125,
      "min": 17.542833,
      "max": 466.434209,
      "std_dev": 115.03987738739941
    },
    "Execution Time": {
      "count": 12,
      "mean": 255.18526733333331,
      "median": 284.803729,
      "min": 13.75625,
      "max": 330.809209,
      "std_dev": 85.99507825912262
    },
    "Payload Finalization": {
      "count": 12,
      "mean": 66.49297933333334,
      "median": 55.8424375,
      "min": 3.582209,
      "max": 142.64075,
      "std_dev": 35.71973201952452
    },
    "State Root Task": {
      "count": 12,
      "mean": 0.005569416666666667,
      "median": 0.0054375,
      "min": 0.003666,
      "max": 0.00875,
      "std_dev": 0.0012381197223894373
    },
    "Payload Delivery Lag": {
      "count": 12,
      "mean": 5.790416666666666,
      "median": 5.2715,
      "min": 0.22599999999999998,
      "max": 14.038,
      "std_dev": 3.158933866709214
    },
    "Block Added to Canonical Chain": {
      "count": 12,
      "mean": 1996.56765275,
      "median": 2006.3247915000002,
      "min": 44.089208,
      "max": 3198.8999169999997,
      "std_dev": 760.2377592892859
    }
  }
}