{
  "label": "feature",
  "log_file": "/Users/yongkang/Code/tempo/tempo/python_analysis/logs/debug_feature_20251014_063322.log",
  "block_range": [
    22517,
    22527
  ],
  "metrics": {
    "Build Payload Time": {
      "count": 11,
      "mean": 345.1633599090909,
      "median": 339.251625,
      "min": 270.430916,
      "max": 483.904583,
      "std_dev": 57.95237490032112
    },
    "Execution Time": {
      "count": 11,
      "mean": 279.35311381818184,
      "median": 273.564292,
      "min": 193.991292,
      "max": 427.519375,
      "std_dev": 62.865968599554066
    },
    "Payload Finalization": {
      "count": 11,
      "mean": 54.81805290909091,
      "median": 53.828292,
      "min": 50.710167,
      "max": 65.844916,
      "std_dev": 4.19442596776051
    },
    "State Root Task": {
      "count": 11,
      "mean": 0.005056818181818182,
      "median": 0.00475,
      "min": 0.003958000000000001,
      "max": 0.007084,
      "std_dev": 0.0008663751864154257
    },
    "Payload Delivery Lag": {
      "count": 11,
      "mean": 5.517636363636363,
      "median": 5.138,
      "min": 2.604,
      "max": 7.948,
      "std_dev": 1.5166814611333042
    },
    "Block Added to Canonical Chain": {
      "count": 11,
      "mean": 2148.663030181818,
      "median": 1944.57,
      "min": 1578.698834,
      "max": 3272.096541,
      "std_dev": 559.2583068405659
    }
  }
}