{
  "label": "main",
  "log_file": "/Users/yongkang/Code/tempo/tempo/python_analysis/logs/20251014_065257/debug_main.log",
  "block_range": [
    22652,
    22663
  ],
  "metrics": {
    "Build Payload Time": {
      "count": 12,
      "mean": 340.4022429166667,
      "median": 350.215333,
      "min": 24.058375,
      "max": 548.574416,
      "std_dev": 118.88529245873347
    },
    "Execution Time": {
      "count": 12,
      "mean": 279.724934,
      "median": 290.88599999999997,
      "min": 18.32925,
      "max": 437.303125,
      "std_dev": 97.20261165944387
    },
    "Payload Finalization": {
      "count": 12,
      "mean": 53.63759366666667,
      "median": 53.5476665,
      "min": 5.100459,
      "max": 105.064208,
      "std_dev": 22.03174568529864
    },
    "State Root Task": {
      "count": 12,
      "mean": 0.005271083333333333,
      "median": 0.005167,
      "min": 0.004208,
      "max": 0.00675,
      "std_dev": 0.0006446654464749821
    },
    "Payload Delivery Lag": {
      "count": 12,
      "mean": 4.722416666666667,
      "median": 5.053,
      "min": 0.425,
      "max": 7.193,
      "std_dev": 1.673442638739528
    },
    "Block Added to Canonical Chain": {
      "count": 12,
      "mean": 2004.5741388333333,
      "median": 2102.234917,
      "min": 162.547083,
      "max": 2839.476166,
      "std_dev": 691.3720539667404
    }
  }
}