{
  "label": "feature",
  "log_file": "/Users/yongkang/Code/tempo/tempo/python_analysis/logs/20251014_065257/debug_feature.log",
  "block_range": [
    22789,
    22798
  ],
  "metrics": {
    "Build Payload Time": {
      "count": 10,
      "mean": 357.90452930000004,
      "median": 349.5717295,
      "min": 281.390875,
      "max": 482.593,
      "std_dev": 62.57066017026131
    },
    "Execution Time": {
      "count": 10,
      "mean": 273.9069626,
      "median": 279.53470849999997,
      "min": 207.054584,
      "max": 358.13575,
      "std_dev": 45.08291971550308
    },
    "Payload Finalization": {
      "count": 10,
      "mean": 68.3053835,
      "median": 54.280792000000005,
      "min": 51.59925,
      "max": 160.341375,
      "std_dev": 33.68430145690114
    },
    "State Root Task": {
      "count": 10,
      "mean": 0.0072627,
      "median": 0.005124999999999999,
      "min": 0.004417,
      "max": 0.024875,
      "std_dev": 0.006262271030189891
    },
    "Payload Delivery Lag": {
      "count": 10,
      "mean": 5.3201,
      "median": 5.0125,
      "min": 2.7439999999999998,
      "max": 9.764,
      "std_dev": 1.9818478722870958
    },
    "Block Added to Canonical Chain": {
      "count": 10,
      "mean": 2300.7296915,
      "median": 2087.6928120000002,
      "min": 1674.103875,
      "max": 3393.127375,
      "std_dev": 617.6162518576868
    }
  }
}